{
  "users": {
    "918156874290@s.whatsapp.net": {
      "afkTime": -1,
      "banned": false,
      "afkReason": ""
    }
  },
  "chats": {
    "918156874290@s.whatsapp.net": {
      "mute": false,
      "setWelcome": "",
      "setLeave": ""
    },
    "120363022682639473@g.us": {
      "mute": false,
      "setWelcome": "",
      "setLeave": ""
    }
  },
  "database": {},
  "game": {
    "math": [],
    "family100": [],
    "tebakgambar": [],
    "tebakkata": [],
    "tebakbendera": [],
    "siapaaku": [],
    "tebakkalimat": [],
    "caklontong": [],
    "susunkata": [],
    "tekateki": [],
    "tebakkabupaten": [],
    "tebakkimia": [],
    "tebaklirik": [],
    "tebaktebakan": []
  },
  "others": {},
  "sticker": {},
  "absen": {},
  "cmd": {},
  "settings": {
    "918156874290@s.whatsapp.net": {
      "autobio": true,
      "available": false,
      "composing": false,
      "recording": false,
      "autorespond": false
    }
  },
  "anonymous": {},
  "store": [],
  "RSticker": [],
  "RImage": [],
  "RVideo": [],
  "RVn": []
}